main_sound,level,hanja,meaning,radical,strokes,total_strokes
가,3급Ⅱ,佳,"[[['아름다울'], ['가']]]",人,6,8
가,3급Ⅱ,架,"[[['시렁'], ['가']]]",木,5,9
각,3급Ⅱ,脚,"[[['다리'], ['각']]]",肉,7,11
각,3급Ⅱ,閣,"[[['집'], ['각']]]",門,6,14
간,3급Ⅱ,刊,"[[['새길'], ['간']]]",刀,3,5
간,3급Ⅱ,幹,"[[['줄기'], ['간']]]",干,10,13
간,3급Ⅱ,懇,"[[['간절할'], ['간']]]",心,13,17
간,3급Ⅱ,肝,"[[['간'], ['간']]]",肉,3,7
감,3급Ⅱ,鑑,"[[['거울'], ['감']]]",金,14,22
강,3급Ⅱ,剛,"[[['굳셀'], ['강']]]",刀,8,10
강,3급Ⅱ,綱,"[[['벼리'], ['강']]]",糸,8,14
강,3급Ⅱ,鋼,"[[['강철'], ['강']]]",金,8,16
개,3급Ⅱ,槪,"[[['대개'], ['개']]]",木,11,15
개,3급Ⅱ,介,"[[['낄'], ['개']]]",人,2,4
개,3급Ⅱ,蓋,"[[['덮을'], ['개']]]",艸,10,14
거,3급Ⅱ,距,"[[['상거(相距)할'], ['거']]]",足,5,12
건,3급Ⅱ,乾,"[[['하늘', '마를'], ['건']]]",乙,10,11
검,3급Ⅱ,劍,"[[['칼'], ['검']]]",刀,13,15
격,3급Ⅱ,隔,"[[['사이뜰'], ['격']]]",阜,10,13
결,3급Ⅱ,訣,"[[['이별할'], ['결']]]",言,4,11
겸,3급Ⅱ,兼,"[[['겸할'], ['겸']]]",八,8,10
겸,3급Ⅱ,謙,"[[['겸손할'], ['겸']]]",言,10,17
경,3급Ⅱ,頃,"[[['이랑', '잠깐'], ['경']]]",頁,2,11
경,3급Ⅱ,徑,"[[['지름길', '길'], ['경']]]",彳,7,10
경,3급Ⅱ,硬,"[[['굳을'], ['경']]]",石,7,12
경,3급Ⅱ,耕,"[[['밭갈[犁田]'], ['경']]]",耒,4,10
계,3급Ⅱ,契,"[[['맺을'], ['계']]]",大,6,9
계,3급Ⅱ,桂,"[[['계수나무'], ['계']]]",木,6,10
계,3급Ⅱ,啓,"[[['열'], ['계']]]",口,8,11
계,3급Ⅱ,溪,"[[['시내'], ['계']]]",水,10,13
계,3급Ⅱ,械,"[[['기계'], ['계']]]",木,7,11
고,3급Ⅱ,姑,"[[['시어미'], ['고']]]",女,5,8
고,3급Ⅱ,稿,"[[['원고', '볏짚'], ['고']]]",禾,10,15
고,3급Ⅱ,鼓,"[[['북'], ['고']]]",鼓,0,13
곡,3급Ⅱ,哭,"[[['울'], ['곡']]]",口,7,10
곡,3급Ⅱ,谷,"[[['골'], ['곡']]]",谷,0,7
공,3급Ⅱ,貢,"[[['바칠'], ['공']]]",貝,3,10
공,3급Ⅱ,供,"[[['이바지할'], ['공']]]",人,6,8
공,3급Ⅱ,恐,"[[['두려울'], ['공']]]",心,6,10
공,3급Ⅱ,恭,"[[['공손할'], ['공']]]",心,6,10
과,3급Ⅱ,誇,"[[['자랑할'], ['과']]]",言,6,13
과,3급Ⅱ,寡,"[[['적을'], ['과']]]",宀,11,14
관,3급Ⅱ,寬,"[[['너그러울'], ['관']]]",宀,12,15
관,3급Ⅱ,貫,"[[['꿸'], ['관']]]",貝,4,11
관,3급Ⅱ,館,"[[['집'], ['관']]]",食,8,17
관,3급Ⅱ,慣,"[[['익숙할'], ['관']]]",心,11,14
관,3급Ⅱ,冠,"[[['갓'], ['관']]]",冖,7,9
광,3급Ⅱ,狂,"[[['미칠'], ['광']]]",犬,4,7
괴,3급Ⅱ,壞,"[[['무너질'], ['괴']]]",土,16,19
괴,3급Ⅱ,怪,"[[['괴이할'], ['괴']]]",心,5,8
교,3급Ⅱ,巧,"[[['공교할'], ['교']]]",工,2,5
교,3급Ⅱ,較,"[[['견줄', '비교할'], ['교']]]",車,6,13
구,3급Ⅱ,久,"[[['오랠'], ['구']]]",丿,2,3
구,3급Ⅱ,拘,"[[['잡을'], ['구']]]",手,5,8
구,3급Ⅱ,丘,"[[['언덕'], ['구']]]",一,4,5
국,3급Ⅱ,菊,"[[['국화'], ['국']]]",艸,8,12
궁,3급Ⅱ,弓,"[[['활'], ['궁']]]",弓,0,3
권,3급Ⅱ,拳,"[[['주먹'], ['권']]]",手,6,10
귀,3급Ⅱ,鬼,"[[['귀신'], ['귀']]]",鬼,0,10
균,3급Ⅱ,菌,"[[['버섯'], ['균']]]",艸,8,12
극,3급Ⅱ,克,"[[['이길'], ['극']]]",儿,5,7
금,3급Ⅱ,禽,"[[['새'], ['금']]]",禸,8,13
금,3급Ⅱ,錦,"[[['비단'], ['금']]]",金,8,16
금,3급Ⅱ,琴,"[[['거문고'], ['금']]]",玉,8,12
급,3급Ⅱ,及,"[[['미칠'], ['급']]]",又,2,4
기,3급Ⅱ,騎,"[[['말탈'], ['기']]]",馬,8,18
기,3급Ⅱ,祈,"[[['빌'], ['기']]]",示,4,9
기,3급Ⅱ,畿,"[[['경기(京畿)'], ['기']]]",田,10,15
기,3급Ⅱ,其,"[[['그'], ['기']]]",八,6,8
기,3급Ⅱ,企,"[[['꾀할'], ['기']]]",人,4,6
긴,3급Ⅱ,緊,"[[['긴할'], ['긴']]]",糸,8,14
낙,3급Ⅱ,諾,"[[['허락할'], ['낙']]]",言,9,16
낭,3급Ⅱ,娘,"[[['계집'], ['낭']]]",女,7,10
내,3급Ⅱ,耐,"[[['견딜'], ['내']]]",而,3,9
녕,3급Ⅱ,寧,"[[['편안'], ['녕']]]",宀,11,14
노,3급Ⅱ,奴,"[[['종'], ['노']]]",女,2,5
뇌,3급Ⅱ,腦,"[[['골', '뇌수'], ['뇌']]]",肉,9,13
니,3급Ⅱ,泥,"[[['진흙'], ['니']]]",水,5,8
다,3급Ⅱ,茶,"[[['차'], ['다']], [['차'], ['차']]]",艸,6,10
단,3급Ⅱ,旦,"[[['아침'], ['단']]]",日,1,5
단,3급Ⅱ,但,"[[['다만'], ['단']]]",人,5,7
단,3급Ⅱ,丹,"[[['붉을'], ['단']]]",丶,3,4
담,3급Ⅱ,淡,"[[['맑을'], ['담']]]",水,8,11
답,3급Ⅱ,踏,"[[['밟을'], ['답']]]",足,8,15
당,3급Ⅱ,糖,"[[['엿'], ['당']]]",米,10,16
당,3급Ⅱ,唐,"[[['당나라', '당황할'], ['당']]]",口,7,10
대,3급Ⅱ,臺,"[[['대'], ['대']]]",至,8,14
대,3급Ⅱ,貸,"[[['빌릴', '뀔'], ['대']]]",貝,5,12
도,3급Ⅱ,渡,"[[['건널'], ['도']]]",水,9,12
도,3급Ⅱ,桃,"[[['복숭아'], ['도']]]",木,6,10
도,3급Ⅱ,倒,"[[['넘어질'], ['도']]]",人,8,10
도,3급Ⅱ,陶,"[[['질그릇'], ['도']]]",阜,8,11
도,3급Ⅱ,途,"[[['길[行中]'], ['도']]]",辵,7,11
도,3급Ⅱ,刀,"[[['칼'], ['도']]]",刀,0,2
돌,3급Ⅱ,突,"[[['갑자기'], ['돌']]]",穴,4,9
동,3급Ⅱ,凍,"[[['얼'], ['동']]]",冫,8,10
락,3급Ⅱ,絡,"[[['이을', '얽을'], ['락']]]",糸,6,12
란,3급Ⅱ,欄,"[[['난간'], ['란']]]",木,17,21
란,3급Ⅱ,蘭,"[[['난초'], ['란']]]",艸,17,21
랑,3급Ⅱ,浪,"[[['물결'], ['랑']]]",水,7,10
랑,3급Ⅱ,廊,"[[['사랑채', '행랑'], ['랑']]]",广,10,13
랑,3급Ⅱ,郞,"[[['사내'], ['랑']]]",邑,7,10
량,3급Ⅱ,涼,"[[['서늘할'], ['량']]]",水,8,11
량,3급Ⅱ,梁,"[[['들보', '돌다리'], ['량']]]",木,7,11
려,3급Ⅱ,勵,"[[['힘쓸'], ['려']]]",力,15,17
력,3급Ⅱ,曆,"[[['책력'], ['력']]]",日,12,16
련,3급Ⅱ,鍊,"[[['쇠불릴', '단련할'], ['련']]]",金,9,17
련,3급Ⅱ,蓮,"[[['연꽃'], ['련']]]",艸,11,15
련,3급Ⅱ,聯,"[[['연이을'], ['련']]]",耳,11,17
련,3급Ⅱ,戀,"[[['그리워할', '그릴'], ['련']]]",心,19,23
렬,3급Ⅱ,裂,"[[['찢어질'], ['렬']]]",衣,6,12
령,3급Ⅱ,靈,"[[['신령'], ['령']]]",雨,16,24
령,3급Ⅱ,嶺,"[[['고개'], ['령']]]",山,14,17
로,3급Ⅱ,露,"[[['이슬'], ['로']]]",雨,13,21
로,3급Ⅱ,爐,"[[['화로'], ['로']]]",火,16,20
록,3급Ⅱ,祿,"[[['녹'], ['록']]]",示,8,13
롱,3급Ⅱ,弄,"[[['희롱할'], ['롱']]]",廾,4,7
뢰,3급Ⅱ,賴,"[[['의뢰할'], ['뢰']]]",貝,9,16
뢰,3급Ⅱ,雷,"[[['우레'], ['뢰']]]",雨,5,13
루,3급Ⅱ,漏,"[[['샐'], ['루']]]",水,11,14
루,3급Ⅱ,樓,"[[['다락'], ['루']]]",木,11,15
루,3급Ⅱ,累,"[[['여러', '자주'], ['루']]]",糸,5,11
륜,3급Ⅱ,倫,"[[['인륜'], ['륜']]]",人,8,10
률,3급Ⅱ,率,"[[['비율'], ['률']], [['거느릴'], ['솔']]]",玄,6,11
률,3급Ⅱ,栗,"[[['밤'], ['률']]]",木,6,10
륭,3급Ⅱ,隆,"[[['높을'], ['륭']]]",阜,9,12
릉,3급Ⅱ,陵,"[[['언덕'], ['릉']]]",阜,8,11
리,3급Ⅱ,吏,"[[['벼슬아치', '관리'], ['리']]]",口,3,6
리,3급Ⅱ,履,"[[['밟을'], ['리']]]",尸,12,15
리,3급Ⅱ,裏,"[[['속'], ['리']]]",衣,7,13
림,3급Ⅱ,臨,"[[['임할'], ['림']]]",臣,11,17
마,3급Ⅱ,磨,"[[['갈'], ['마']]]",石,11,16
마,3급Ⅱ,麻,"[[['삼'], ['마']]]",麻,0,11
막,3급Ⅱ,漠,"[[['넓을'], ['막']]]",水,11,14
막,3급Ⅱ,莫,"[[['없을'], ['막']]]",艸,7,11
막,3급Ⅱ,幕,"[[['장막'], ['막']]]",巾,11,14
만,3급Ⅱ,晩,"[[['늦을'], ['만']]]",日,7,11
망,3급Ⅱ,妄,"[[['망령될'], ['망']]]",女,3,6
매,3급Ⅱ,媒,"[[['중매'], ['매']]]",女,9,12
매,3급Ⅱ,梅,"[[['매화'], ['매']]]",木,7,11
맥,3급Ⅱ,麥,"[[['보리'], ['맥']]]",麥,0,11
맹,3급Ⅱ,孟,"[[['맏'], ['맹']]]",子,5,8
맹,3급Ⅱ,猛,"[[['사나울'], ['맹']]]",犬,8,11
맹,3급Ⅱ,盲,"[[['소경', '눈멀'], ['맹']]]",目,3,8
맹,3급Ⅱ,盟,"[[['맹세'], ['맹']]]",皿,8,13
면,3급Ⅱ,眠,"[[['잘'], ['면']]]",目,5,10
면,3급Ⅱ,綿,"[[['솜'], ['면']]]",糸,8,14
면,3급Ⅱ,免,"[[['면할'], ['면']]]",儿,5,7
멸,3급Ⅱ,滅,"[[['꺼질', '멸할'], ['멸']]]",水,10,13
명,3급Ⅱ,銘,"[[['새길'], ['명']]]",金,6,14
모,3급Ⅱ,謀,"[[['꾀'], ['모']]]",言,9,16
모,3급Ⅱ,貌,"[[['모양'], ['모']]]",豸,7,14
모,3급Ⅱ,慕,"[[['그릴'], ['모']]]",心,11,15
목,3급Ⅱ,睦,"[[['화목할'], ['목']]]",目,8,13
몰,3급Ⅱ,沒,"[[['빠질'], ['몰']]]",水,4,7
몽,3급Ⅱ,蒙,"[[['어두울'], ['몽']]]",艸,10,14
몽,3급Ⅱ,夢,"[[['꿈'], ['몽']]]",夕,11,14
무,3급Ⅱ,貿,"[[['무역할'], ['무']]]",貝,5,12
무,3급Ⅱ,茂,"[[['무성할'], ['무']]]",艸,5,9
묵,3급Ⅱ,墨,"[[['먹'], ['묵']]]",土,12,15
묵,3급Ⅱ,默,"[[['잠잠할'], ['묵']]]",黑,4,16
문,3급Ⅱ,紋,"[[['무늬'], ['문']]]",糸,4,10
물,3급Ⅱ,勿,"[[['말[禁]'], ['물']]]",勹,2,4
미,3급Ⅱ,微,"[[['작을'], ['미']]]",彳,10,13
미,3급Ⅱ,尾,"[[['꼬리'], ['미']]]",尸,4,7
박,3급Ⅱ,迫,"[[['핍박할'], ['박']]]",辵,5,9
박,3급Ⅱ,薄,"[[['엷을'], ['박']]]",艸,13,17
반,3급Ⅱ,般,"[[['가지', '일반'], ['반']]]",舟,4,10
반,3급Ⅱ,盤,"[[['소반'], ['반']]]",皿,10,15
반,3급Ⅱ,飯,"[[['밥'], ['반']]]",食,4,13
발,3급Ⅱ,拔,"[[['뽑을'], ['발']]]",手,5,8
방,3급Ⅱ,芳,"[[['꽃다울'], ['방']]]",艸,4,8
배,3급Ⅱ,輩,"[[['무리'], ['배']]]",車,8,15
배,3급Ⅱ,培,"[[['북돋울'], ['배']]]",土,8,11
배,3급Ⅱ,排,"[[['밀칠'], ['배']]]",手,8,11
백,3급Ⅱ,伯,"[[['맏'], ['백']]]",人,5,7
번,3급Ⅱ,繁,"[[['번성할'], ['번']]]",糸,11,17
범,3급Ⅱ,凡,"[[['무릇'], ['범']]]",几,1,3
벽,3급Ⅱ,碧,"[[['푸를'], ['벽']]]",石,9,14
병,3급Ⅱ,丙,"[[['남녘'], ['병']]]",一,4,5
보,3급Ⅱ,譜,"[[['족보'], ['보']]]",言,12,19
보,3급Ⅱ,補,"[[['기울'], ['보']]]",衣,7,12
복,3급Ⅱ,覆,"[[['덮을'], ['부']], [['다시'], ['복']]]",襾,12,18
복,3급Ⅱ,腹,"[[['배'], ['복']]]",肉,9,13
봉,3급Ⅱ,鳳,"[[['봉새'], ['봉']]]",鳥,3,14
봉,3급Ⅱ,封,"[[['봉할'], ['봉']]]",寸,6,9
봉,3급Ⅱ,峯,"[[['봉우리'], ['봉']]]",山,7,10
봉,3급Ⅱ,逢,"[[['만날'], ['봉']]]",辵,7,11
부,3급Ⅱ,符,"[[['부호'], ['부']]]",竹,5,11
부,3급Ⅱ,付,"[[['부칠'], ['부']]]",人,3,5
부,3급Ⅱ,浮,"[[['뜰'], ['부']]]",水,7,10
부,3급Ⅱ,賦,"[[['부세'], ['부']]]",貝,8,15
부,3급Ⅱ,腐,"[[['썩을'], ['부']]]",肉,8,14
부,3급Ⅱ,附,"[[['붙을'], ['부']]]",阜,5,8
부,3급Ⅱ,簿,"[[['문서'], ['부']]]",竹,13,19
부,3급Ⅱ,扶,"[[['도울'], ['부']]]",手,4,7
분,3급Ⅱ,奔,"[[['달릴'], ['분']]]",大,5,8
분,3급Ⅱ,奮,"[[['떨칠'], ['분']]]",大,13,16
분,3급Ⅱ,紛,"[[['어지러울'], ['분']]]",糸,4,10
불,3급Ⅱ,拂,"[[['떨칠'], ['불']]]",手,5,8
비,3급Ⅱ,妃,"[[['왕비'], ['비']]]",女,3,6
비,3급Ⅱ,婢,"[[['계집종'], ['비']]]",女,8,11
비,3급Ⅱ,肥,"[[['살찔'], ['비']]]",肉,4,8
비,3급Ⅱ,卑,"[[['낮을'], ['비']]]",十,6,8
사,3급Ⅱ,邪,"[[['간사할'], ['사']]]",邑,4,7
사,3급Ⅱ,沙,"[[['모래'], ['사']]]",水,4,7
사,3급Ⅱ,司,"[[['맡을'], ['사']]]",口,2,5
사,3급Ⅱ,蛇,"[[['긴뱀'], ['사']]]",虫,5,11
사,3급Ⅱ,斜,"[[['비낄'], ['사']]]",斗,7,11
사,3급Ⅱ,詞,"[[['말', '글'], ['사']]]",言,5,12
사,3급Ⅱ,祀,"[[['제사'], ['사']]]",示,3,8
삭,3급Ⅱ,削,"[[['깎을'], ['삭']]]",刀,7,9
삼,3급Ⅱ,森,"[[['수풀'], ['삼']]]",木,8,12
상,3급Ⅱ,霜,"[[['서리'], ['상']]]",雨,9,17
상,3급Ⅱ,裳,"[[['치마'], ['상']]]",衣,8,14
상,3급Ⅱ,桑,"[[['뽕나무'], ['상']]]",木,6,10
상,3급Ⅱ,喪,"[[['잃을'], ['상']]]",口,9,12
상,3급Ⅱ,詳,"[[['자세할'], ['상']]]",言,6,13
상,3급Ⅱ,尙,"[[['오히려'], ['상']]]",小,5,8
상,3급Ⅱ,像,"[[['모양'], ['상']]]",人,12,14
상,3급Ⅱ,償,"[[['갚을'], ['상']]]",人,15,17
색,3급Ⅱ,索,"[[['찾을'], ['색']], [['노[새끼줄]'], ['삭']]]",糸,4,10
색,3급Ⅱ,塞,"[[['막힐'], ['색']], [['변방'], ['새']]]",土,10,13
서,3급Ⅱ,恕,"[[['용서할'], ['서']]]",心,6,10
서,3급Ⅱ,緖,"[[['실마리'], ['서']]]",糸,9,15
서,3급Ⅱ,徐,"[[['천천할'], ['서']]]",彳,7,10
서,3급Ⅱ,署,"[[['마을[官廳]'], ['서']]]",网,9,14
석,3급Ⅱ,惜,"[[['아낄'], ['석']]]",心,8,11
석,3급Ⅱ,釋,"[[['풀'], ['석']]]",釆,13,20
선,3급Ⅱ,禪,"[[['선'], ['선']]]",示,12,17
선,3급Ⅱ,旋,"[[['돌[廻]'], ['선']]]",方,7,11
소,3급Ⅱ,訴,"[[['호소할'], ['소']]]",言,5,12
소,3급Ⅱ,燒,"[[['사를'], ['소']]]",火,12,16
소,3급Ⅱ,疏,"[[['소통할'], ['소']]]",疋,7,12
소,3급Ⅱ,蘇,"[[['되살아날'], ['소']]]",艸,16,20
송,3급Ⅱ,訟,"[[['송사할'], ['송']]]",言,4,11
쇄,3급Ⅱ,鎖,"[[['쇠사슬'], ['쇄']]]",金,10,18
쇄,3급Ⅱ,刷,"[[['인쇄할'], ['쇄']]]",刀,6,8
쇠,3급Ⅱ,衰,"[[['쇠할'], ['쇠']]]",衣,4,10
수,3급Ⅱ,愁,"[[['근심'], ['수']]]",心,9,13
수,3급Ⅱ,壽,"[[['목숨'], ['수']]]",士,11,14
수,3급Ⅱ,帥,"[[['장수'], ['수']]]",巾,6,9
수,3급Ⅱ,殊,"[[['다를'], ['수']]]",歹,6,10
수,3급Ⅱ,輸,"[[['보낼'], ['수']]]",車,9,16
수,3급Ⅱ,隨,"[[['따를'], ['수']]]",阜,13,16
수,3급Ⅱ,需,"[[['쓰일', '쓸'], ['수']]]",雨,6,14
수,3급Ⅱ,垂,"[[['드리울'], ['수']]]",土,5,8
수,3급Ⅱ,獸,"[[['짐승'], ['수']]]",犬,15,19
숙,3급Ⅱ,淑,"[[['맑을'], ['숙']]]",水,8,11
숙,3급Ⅱ,熟,"[[['익을'], ['숙']]]",火,11,15
순,3급Ⅱ,旬,"[[['열흘'], ['순']]]",日,2,6
순,3급Ⅱ,瞬,"[[['눈깜짝일'], ['순']]]",目,12,17
순,3급Ⅱ,巡,"[[['돌[廻]', '순행할'], ['순']]]",巛,4,7
술,3급Ⅱ,述,"[[['펼'], ['술']]]",辵,5,9
습,3급Ⅱ,濕,"[[['젖을'], ['습']]]",水,14,17
습,3급Ⅱ,拾,"[[['주울'], ['습']], [['열'], ['십']]]",手,6,9
습,3급Ⅱ,襲,"[[['엄습할'], ['습']]]",衣,16,22
승,3급Ⅱ,乘,"[[['탈'], ['승']]]",丿,9,10
승,3급Ⅱ,昇,"[[['오를'], ['승']]]",日,4,8
승,3급Ⅱ,僧,"[[['중'], ['승']]]",人,12,14
시,3급Ⅱ,侍,"[[['모실'], ['시']]]",人,6,8
식,3급Ⅱ,飾,"[[['꾸밀'], ['식']]]",食,5,14
신,3급Ⅱ,愼,"[[['삼갈'], ['신']]]",心,10,13
심,3급Ⅱ,甚,"[[['심할'], ['심']]]",甘,4,9
심,3급Ⅱ,審,"[[['살필'], ['심']]]",宀,12,15
쌍,3급Ⅱ,雙,"[[['두', '쌍'], ['쌍']]]",隹,10,18
아,3급Ⅱ,雅,"[[['맑을'], ['아']]]",隹,4,12
아,3급Ⅱ,我,"[[['나'], ['아']]]",戈,3,7
아,3급Ⅱ,阿,"[[['언덕'], ['아']]]",阜,5,8
아,3급Ⅱ,亞,"[[['버금'], ['아']]]",二,6,8
아,3급Ⅱ,芽,"[[['싹'], ['아']]]",艸,4,8
아,3급Ⅱ,牙,"[[['어금니'], ['아']]]",牙,0,4
안,3급Ⅱ,顔,"[[['낯'], ['안']]]",頁,9,18
안,3급Ⅱ,岸,"[[['언덕'], ['안']]]",山,5,8
암,3급Ⅱ,巖,"[[['바위'], ['암']]]",山,20,23
앙,3급Ⅱ,仰,"[[['우러를'], ['앙']]]",人,4,6
앙,3급Ⅱ,央,"[[['가운데'], ['앙']]]",大,2,5
애,3급Ⅱ,哀,"[[['슬플'], ['애']]]",口,6,9
약,3급Ⅱ,若,"[[['같을'], ['약']], [['반야'], ['야']]]",艸,5,9
양,3급Ⅱ,讓,"[[['사양할'], ['양']]]",言,17,24
양,3급Ⅱ,壤,"[[['흙덩이'], ['양']]]",土,17,20
양,3급Ⅱ,揚,"[[['날릴'], ['양']]]",手,9,12
어,3급Ⅱ,御,"[[['거느릴'], ['어']]]",彳,8,11
억,3급Ⅱ,憶,"[[['생각할'], ['억']]]",心,13,16
억,3급Ⅱ,抑,"[[['누를'], ['억']]]",手,4,7
역,3급Ⅱ,疫,"[[['전염병'], ['역']]]",疒,4,9
역,3급Ⅱ,亦,"[[['또'], ['역']]]",亠,4,6
역,3급Ⅱ,役,"[[['부릴'], ['역']]]",彳,4,7
역,3급Ⅱ,譯,"[[['번역할'], ['역']]]",言,13,20
역,3급Ⅱ,驛,"[[['역'], ['역']]]",馬,13,23
연,3급Ⅱ,沿,"[[['물따라갈', '따를'], ['연']]]",水,5,8
연,3급Ⅱ,軟,"[[['연할'], ['연']]]",車,4,11
연,3급Ⅱ,宴,"[[['잔치'], ['연']]]",宀,7,10
연,3급Ⅱ,燕,"[[['제비'], ['연']]]",火,12,16
열,3급Ⅱ,悅,"[[['기쁠'], ['열']]]",心,7,10
염,3급Ⅱ,染,"[[['물들'], ['염']]]",木,5,9
염,3급Ⅱ,鹽,"[[['소금'], ['염']]]",鹵,13,24
염,3급Ⅱ,炎,"[[['불꽃'], ['염']]]",火,4,8
영,3급Ⅱ,影,"[[['그림자'], ['영']]]",彡,12,15
예,3급Ⅱ,譽,"[[['기릴', '명예'], ['예']]]",言,14,21
오,3급Ⅱ,烏,"[[['까마귀'], ['오']]]",火,6,10
오,3급Ⅱ,悟,"[[['깨달을'], ['오']]]",心,7,10
옥,3급Ⅱ,獄,"[[['옥[囚舍]'], ['옥']]]",犬,11,14
와,3급Ⅱ,瓦,"[[['기와'], ['와']]]",瓦,0,5
완,3급Ⅱ,緩,"[[['느릴'], ['완']]]",糸,9,15
욕,3급Ⅱ,慾,"[[['욕심'], ['욕']]]",心,11,15
욕,3급Ⅱ,欲,"[[['하고자할'], ['욕']]]",欠,7,11
욕,3급Ⅱ,辱,"[[['욕될'], ['욕']]]",辰,3,10
우,3급Ⅱ,憂,"[[['근심'], ['우']]]",心,11,15
우,3급Ⅱ,偶,"[[['짝'], ['우']]]",人,9,11
우,3급Ⅱ,宇,"[[['집'], ['우']]]",宀,3,6
우,3급Ⅱ,愚,"[[['어리석을'], ['우']]]",心,9,13
우,3급Ⅱ,羽,"[[['깃'], ['우']]]",羽,0,6
운,3급Ⅱ,韻,"[[['운'], ['운']]]",音,10,19
월,3급Ⅱ,越,"[[['넘을'], ['월']]]",走,5,12
위,3급Ⅱ,胃,"[[['밥통'], ['위']]]",肉,5,9
위,3급Ⅱ,僞,"[[['거짓'], ['위']]]",人,12,14
위,3급Ⅱ,謂,"[[['이를'], ['위']]]",言,9,16
유,3급Ⅱ,猶,"[[['오히려'], ['유']]]",犬,9,12
유,3급Ⅱ,幽,"[[['그윽할'], ['유']]]",幺,6,9
유,3급Ⅱ,幼,"[[['어릴'], ['유']]]",幺,2,5
유,3급Ⅱ,柔,"[[['부드러울'], ['유']]]",木,5,9
유,3급Ⅱ,維,"[[['벼리'], ['유']]]",糸,8,14
유,3급Ⅱ,裕,"[[['넉넉할'], ['유']]]",衣,7,12
유,3급Ⅱ,誘,"[[['꾈'], ['유']]]",言,7,14
유,3급Ⅱ,悠,"[[['멀'], ['유']]]",心,7,11
윤,3급Ⅱ,潤,"[[['불을'], ['윤']]]",水,12,15
을,3급Ⅱ,乙,"[[['새'], ['을']]]",乙,0,1
음,3급Ⅱ,淫,"[[['음란할'], ['음']]]",水,8,11
이,3급Ⅱ,已,"[[['이미'], ['이']]]",己,0,3
익,3급Ⅱ,翼,"[[['날개'], ['익']]]",羽,11,17
인,3급Ⅱ,忍,"[[['참을'], ['인']]]",心,3,7
일,3급Ⅱ,逸,"[[['편안할'], ['일']]]",辵,8,12
임,3급Ⅱ,壬,"[[['북방'], ['임']]]",士,1,4
임,3급Ⅱ,賃,"[[['품삯'], ['임']]]",貝,6,13
자,3급Ⅱ,紫,"[[['자줏빛'], ['자']]]",糸,6,12
자,3급Ⅱ,慈,"[[['사랑'], ['자']]]",心,9,13
자,3급Ⅱ,刺,"[[['찌를'], ['자']], [['찌를'], ['척']]]",刀,6,8
잠,3급Ⅱ,暫,"[[['잠깐'], ['잠']]]",日,11,15
잠,3급Ⅱ,潛,"[[['잠길'], ['잠']]]",水,12,15
장,3급Ⅱ,莊,"[[['씩씩할'], ['장']]]",艸,7,11
장,3급Ⅱ,葬,"[[['장사지낼'], ['장']]]",艸,9,13
장,3급Ⅱ,臟,"[[['오장'], ['장']]]",肉,18,22
장,3급Ⅱ,粧,"[[['단장할'], ['장']]]",米,6,12
장,3급Ⅱ,掌,"[[['손바닥'], ['장']]]",手,8,12
장,3급Ⅱ,丈,"[[['어른'], ['장']]]",一,2,3
장,3급Ⅱ,藏,"[[['감출'], ['장']]]",艸,14,18
재,3급Ⅱ,栽,"[[['심을'], ['재']]]",木,6,10
재,3급Ⅱ,裁,"[[['옷마를'], ['재']]]",衣,6,12
재,3급Ⅱ,載,"[[['실을'], ['재']]]",車,6,13
저,3급Ⅱ,著,"[[['나타날'], ['저']]]",艸,9,13
저,3급Ⅱ,抵,"[[['막을[抗]'], ['저']]]",手,5,8
적,3급Ⅱ,跡,"[[['발자취'], ['적']]]",足,6,13
적,3급Ⅱ,寂,"[[['고요할'], ['적']]]",宀,8,11
적,3급Ⅱ,笛,"[[['피리'], ['적']]]",竹,5,11
적,3급Ⅱ,摘,"[[['딸[手收]'], ['적']]]",手,11,14
적,3급Ⅱ,蹟,"[[['자취'], ['적']]]",足,11,18
전,3급Ⅱ,殿,"[[['전각'], ['전']]]",殳,9,13
점,3급Ⅱ,漸,"[[['점점'], ['점']]]",水,11,14
정,3급Ⅱ,淨,"[[['깨끗할'], ['정']]]",水,8,11
정,3급Ⅱ,頂,"[[['정수리'], ['정']]]",頁,2,11
정,3급Ⅱ,井,"[[['우물'], ['정']]]",二,2,4
정,3급Ⅱ,亭,"[[['정자'], ['정']]]",亠,7,9
정,3급Ⅱ,廷,"[[['조정'], ['정']]]",廴,4,7
정,3급Ⅱ,貞,"[[['곧을'], ['정']]]",貝,2,9
정,3급Ⅱ,征,"[[['칠'], ['정']]]",彳,5,8
제,3급Ⅱ,諸,"[[['모두'], ['제']]]",言,9,16
제,3급Ⅱ,齊,"[[['가지런할'], ['제']]]",齊,0,14
조,3급Ⅱ,租,"[[['조세'], ['조']]]",禾,5,10
조,3급Ⅱ,照,"[[['비칠'], ['조']]]",火,9,13
조,3급Ⅱ,兆,"[[['억조'], ['조']]]",儿,4,6
종,3급Ⅱ,縱,"[[['세로'], ['종']]]",糸,11,17
좌,3급Ⅱ,坐,"[[['앉을'], ['좌']]]",土,4,7
주,3급Ⅱ,柱,"[[['기둥'], ['주']]]",木,5,9
주,3급Ⅱ,珠,"[[['구슬'], ['주']]]",玉,6,10
주,3급Ⅱ,株,"[[['그루'], ['주']]]",木,6,10
주,3급Ⅱ,奏,"[[['아뢸'], ['주']]]",大,6,9
주,3급Ⅱ,洲,"[[['물가'], ['주']]]",水,6,9
주,3급Ⅱ,鑄,"[[['쇠불릴'], ['주']]]",金,14,22
주,3급Ⅱ,宙,"[[['집'], ['주']]]",宀,5,8
중,3급Ⅱ,仲,"[[['버금'], ['중']]]",人,4,6
즉,3급Ⅱ,卽,"[[['곧'], ['즉']]]",卩,7,9
증,3급Ⅱ,憎,"[[['미울'], ['증']]]",心,12,15
증,3급Ⅱ,曾,"[[['일찍'], ['증']]]",曰,8,12
증,3급Ⅱ,症,"[[['증세'], ['증']]]",疒,5,10
증,3급Ⅱ,蒸,"[[['찔'], ['증']]]",艸,10,14
지,3급Ⅱ,之,"[[['갈'], ['지']]]",丿,3,4
지,3급Ⅱ,池,"[[['못'], ['지']]]",水,3,6
지,3급Ⅱ,枝,"[[['가지'], ['지']]]",木,4,8
진,3급Ⅱ,陳,"[[['베풀 진', '묵을'], ['진']]]",阜,8,11
진,3급Ⅱ,震,"[[['우레'], ['진']]]",雨,7,15
진,3급Ⅱ,鎭,"[[['진압할'], ['진']]]",金,10,18
진,3급Ⅱ,辰,"[[['별'], ['진']], [['때'], ['신']]]",辰,0,7
진,3급Ⅱ,振,"[[['떨칠'], ['진']]]",手,7,10
질,3급Ⅱ,疾,"[[['병'], ['질']]]",疒,5,10
질,3급Ⅱ,秩,"[[['차례'], ['질']]]",禾,5,10
집,3급Ⅱ,執,"[[['잡을'], ['집']]]",土,8,11
징,3급Ⅱ,徵,"[[['부를'], ['징']]]",彳,12,15
차,3급Ⅱ,此,"[[['이'], ['차']]]",止,2,6
차,3급Ⅱ,借,"[[['빌', '빌릴'], ['차']]]",人,8,10
착,3급Ⅱ,錯,"[[['어긋날'], ['착']]]",金,8,16
찬,3급Ⅱ,贊,"[[['도울'], ['찬']]]",貝,12,19
창,3급Ⅱ,昌,"[[['창성할'], ['창']]]",日,4,8
창,3급Ⅱ,蒼,"[[['푸를'], ['창']]]",艸,10,14
창,3급Ⅱ,倉,"[[['곳집'], ['창']]]",人,8,10
채,3급Ⅱ,債,"[[['빚'], ['채']]]",人,11,13
채,3급Ⅱ,彩,"[[['채색'], ['채']]]",彡,8,11
채,3급Ⅱ,菜,"[[['나물'], ['채']]]",艸,8,12
책,3급Ⅱ,策,"[[['꾀'], ['책']]]",竹,6,12
처,3급Ⅱ,妻,"[[['아내'], ['처']]]",女,5,8
척,3급Ⅱ,尺,"[[['자'], ['척']]]",尸,1,4
척,3급Ⅱ,戚,"[[['친척'], ['척']]]",戈,7,11
척,3급Ⅱ,拓,"[[['넓힐'], ['척']]]",手,5,8
천,3급Ⅱ,踐,"[[['밟을'], ['천']]]",足,8,15
천,3급Ⅱ,賤,"[[['천할'], ['천']]]",貝,8,15
천,3급Ⅱ,淺,"[[['얕을'], ['천']]]",水,8,11
천,3급Ⅱ,遷,"[[['옮길'], ['천']]]",辵,11,15
철,3급Ⅱ,哲,"[[['밝을'], ['철']]]",口,7,10
철,3급Ⅱ,徹,"[[['통할'], ['철']]]",彳,12,15
체,3급Ⅱ,滯,"[[['막힐'], ['체']]]",水,11,14
초,3급Ⅱ,超,"[[['뛰어넘을'], ['초']]]",走,5,12
초,3급Ⅱ,肖,"[[['닮을', '같을'], ['초']]]",肉,3,7
초,3급Ⅱ,礎,"[[['주춧돌'], ['초']]]",石,13,18
촉,3급Ⅱ,觸,"[[['닿을'], ['촉']]]",角,13,20
촉,3급Ⅱ,促,"[[['재촉할'], ['촉']]]",人,7,9
최,3급Ⅱ,催,"[[['재촉할'], ['최']]]",人,11,13
추,3급Ⅱ,追,"[[['쫓을', '따를'], ['추']]]",辵,6,10
축,3급Ⅱ,畜,"[[['짐승'], ['축']]]",田,5,10
충,3급Ⅱ,衝,"[[['찌를'], ['충']]]",行,9,15
취,3급Ⅱ,吹,"[[['불'], ['취']]]",口,4,7
취,3급Ⅱ,醉,"[[['취할'], ['취']]]",酉,8,15
측,3급Ⅱ,側,"[[['곁'], ['측']]]",人,9,11
치,3급Ⅱ,値,"[[['값'], ['치']]]",人,8,10
치,3급Ⅱ,恥,"[[['부끄러울'], ['치']]]",心,6,10
치,3급Ⅱ,稚,"[[['어릴'], ['치']]]",禾,8,13
칠,3급Ⅱ,漆,"[[['옻'], ['칠']]]",水,11,14
침,3급Ⅱ,浸,"[[['잠길'], ['침']]]",水,7,10
침,3급Ⅱ,沈,"[[['잠길'], ['침']], [['성(姓)'], ['심']]]",水,4,7
탈,3급Ⅱ,奪,"[[['빼앗을'], ['탈']]]",大,11,14
탑,3급Ⅱ,塔,"[[['탑'], ['탑']]]",土,10,13
탕,3급Ⅱ,湯,"[[['끓을'], ['탕']]]",水,9,12
태,3급Ⅱ,殆,"[[['거의'], ['태']]]",歹,5,9
태,3급Ⅱ,泰,"[[['클'], ['태']]]",水,5,10
택,3급Ⅱ,澤,"[[['못'], ['택']]]",水,13,16
토,3급Ⅱ,吐,"[[['토할'], ['토']]]",口,3,6
토,3급Ⅱ,兔,"[[['토끼'], ['토']]]",儿,6,8
투,3급Ⅱ,透,"[[['사무칠'], ['투']]]",辵,7,11
판,3급Ⅱ,版,"[[['판목'], ['판']]]",片,4,8
편,3급Ⅱ,編,"[[['엮을'], ['편']]]",糸,9,15
편,3급Ⅱ,片,"[[['조각'], ['편']]]",片,0,4
편,3급Ⅱ,偏,"[[['치우칠'], ['편']]]",人,9,11
폐,3급Ⅱ,肺,"[[['허파'], ['폐']]]",肉,4,8
폐,3급Ⅱ,廢,"[[['폐할', '버릴'], ['폐']]]",广,12,15
폐,3급Ⅱ,弊,"[[['폐단', '해질'], ['폐']]]",廾,12,15
포,3급Ⅱ,捕,"[[['잡을'], ['포']]]",手,7,10
포,3급Ⅱ,浦,"[[['개[水邊]'], ['포']]]",水,7,10
풍,3급Ⅱ,楓,"[[['단풍'], ['풍']]]",木,9,13
피,3급Ⅱ,被,"[[['입을'], ['피']]]",衣,5,10
피,3급Ⅱ,皮,"[[['가죽'], ['피']]]",皮,0,5
피,3급Ⅱ,彼,"[[['저'], ['피']]]",彳,5,8
필,3급Ⅱ,畢,"[[['마칠'], ['필']]]",田,6,11
하,3급Ⅱ,荷,"[[['멜'], ['하']]]",艸,7,11
하,3급Ⅱ,賀,"[[['하례할'], ['하']]]",貝,5,12
하,3급Ⅱ,何,"[[['어찌'], ['하']]]",人,5,7
학,3급Ⅱ,鶴,"[[['학'], ['학']]]",鳥,10,21
한,3급Ⅱ,汗,"[[['땀'], ['한']]]",水,3,6
할,3급Ⅱ,割,"[[['벨'], ['할']]]",刀,10,12
함,3급Ⅱ,含,"[[['머금을'], ['함']]]",口,4,7
함,3급Ⅱ,陷,"[[['빠질'], ['함']]]",阜,8,11
항,3급Ⅱ,恒,"[[['항상'], ['항']]]",心,6,9
항,3급Ⅱ,項,"[[['항목'], ['항']]]",頁,3,12
향,3급Ⅱ,響,"[[['울릴'], ['향']]]",音,13,22
헌,3급Ⅱ,獻,"[[['드릴'], ['헌']]]",犬,16,20
현,3급Ⅱ,懸,"[[['달[繫]'], ['현']]]",心,16,20
현,3급Ⅱ,玄,"[[['검을'], ['현']]]",玄,0,5
혈,3급Ⅱ,穴,"[[['굴'], ['혈']]]",穴,0,5
협,3급Ⅱ,脅,"[[['위협할'], ['협']]]",肉,6,10
형,3급Ⅱ,衡,"[[['저울대'], ['형']]]",行,10,16
혜,3급Ⅱ,慧,"[[['슬기로울'], ['혜']]]",心,11,15
호,3급Ⅱ,浩,"[[['넓을'], ['호']]]",水,7,10
호,3급Ⅱ,豪,"[[['호걸'], ['호']]]",豕,7,14
호,3급Ⅱ,胡,"[[['되[狄]'], ['호']]]",肉,5,9
호,3급Ⅱ,虎,"[[['범'], ['호']]]",虍,2,8
혹,3급Ⅱ,惑,"[[['미혹할'], ['혹']]]",心,8,12
혼,3급Ⅱ,魂,"[[['넋'], ['혼']]]",鬼,4,14
홀,3급Ⅱ,忽,"[[['갑자기'], ['홀']]]",心,4,8
홍,3급Ⅱ,洪,"[[['넓을'], ['홍']]]",水,6,9
화,3급Ⅱ,禍,"[[['재앙'], ['화']]]",示,9,14
환,3급Ⅱ,還,"[[['돌아올'], ['환']]]",辵,13,17
환,3급Ⅱ,換,"[[['바꿀'], ['환']]]",手,9,12
황,3급Ⅱ,皇,"[[['임금'], ['황']]]",白,4,9
황,3급Ⅱ,荒,"[[['거칠'], ['황']]]",艸,6,10
회,3급Ⅱ,懷,"[[['품을'], ['회']]]",心,16,19
회,3급Ⅱ,悔,"[[['뉘우칠'], ['회']]]",心,7,10
획,3급Ⅱ,獲,"[[['얻을'], ['획']]]",犬,14,17
획,3급Ⅱ,劃,"[[['그을'], ['획']]]",刀,12,14
횡,3급Ⅱ,橫,"[[['가로'], ['횡']]]",木,12,16
흉,3급Ⅱ,胸,"[[['가슴'], ['흉']]]",肉,6,10
희,3급Ⅱ,稀,"[[['드물'], ['희']]]",禾,7,12
희,3급Ⅱ,戲,"[[['놀이'], ['희']]]",戈,13,17
각,3급,却,"[[['물리칠'], ['각']]]",卩,5,7
간,3급,姦,"[[['간음할'], ['간']]]",女,6,9
갈,3급,渴,"[[['목마를'], ['갈']]]",水,9,12
개,3급,皆,"[[['다[總]'], ['개']]]",白,4,9
개,3급,慨,"[[['슬퍼할'], ['개']]]",心,11,14
걸,3급,乞,"[[['빌'], ['걸']]]",乙,2,3
견,3급,遣,"[[['보낼'], ['견']]]",辵,10,14
견,3급,肩,"[[['어깨'], ['견']]]",肉,4,8
견,3급,絹,"[[['비단'], ['견']]]",糸,7,13
견,3급,牽,"[[['이끌', '끌'], ['견']]]",牛,7,11
경,3급,卿,"[[['벼슬'], ['경']]]",卩,10,12
경,3급,庚,"[[['별'], ['경']]]",广,5,8
경,3급,竟,"[[['마침내'], ['경']]]",立,6,11
계,3급,繫,"[[['맬'], ['계']]]",糸,13,19
계,3급,癸,"[[['북방', '천간'], ['계']]]",癶,4,9
고,3급,顧,"[[['돌아볼'], ['고']]]",頁,12,21
고,3급,枯,"[[['마를'], ['고']]]",木,5,9
곤,3급,坤,"[[['따'], ['곤']]]",土,5,8
곽,3급,郭,"[[['둘레', '외성'], ['곽']]]",邑,8,11
괘,3급,掛,"[[['걸[懸]'], ['괘']]]",手,8,11
괴,3급,塊,"[[['흙덩이'], ['괴']]]",土,10,13
괴,3급,愧,"[[['부끄러울'], ['괴']]]",心,10,13
교,3급,郊,"[[['들[野]'], ['교']]]",邑,6,9
교,3급,矯,"[[['바로잡을'], ['교']]]",矢,12,17
구,3급,俱,"[[['함께'], ['구']]]",人,8,10
구,3급,龜,"[[['거북'], ['구']], [['거북'], ['귀']], [['터질'], ['균']]]",龜,0,16
구,3급,驅,"[[['몰'], ['구']]]",馬,11,21
구,3급,苟,"[[['진실로', '구차할'], ['구']]]",艸,5,9
구,3급,懼,"[[['두려워할'], ['구']]]",心,18,21
구,3급,狗,"[[['개'], ['구']]]",犬,5,8
궐,3급,厥,"[[['그[其]'], ['궐']]]",厂,10,12
궤,3급,軌,"[[['바퀴자국'], ['궤']]]",車,2,9
규,3급,糾,"[[['얽힐'], ['규']]]",糸,2,8
규,3급,叫,"[[['부르짖을'], ['규']]]",口,2,5
근,3급,僅,"[[['겨우'], ['근']]]",人,11,13
근,3급,謹,"[[['삼갈'], ['근']]]",言,11,18
근,3급,斤,"[[['근[무게단위]', '날[刃]'], ['근']]]",斤,0,4
긍,3급,肯,"[[['즐길'], ['긍']]]",肉,4,8
기,3급,旣,"[[['이미'], ['기']]]",无,7,11
기,3급,忌,"[[['꺼릴'], ['기']]]",心,3,7
기,3급,棄,"[[['버릴'], ['기']]]",木,8,12
기,3급,欺,"[[['속일'], ['기']]]",欠,8,12
기,3급,飢,"[[['주릴'], ['기']]]",食,2,11
기,3급,豈,"[[['어찌'], ['기']]]",豆,3,10
기,3급,幾,"[[['몇'], ['기']]]",幺,9,12
나,3급,那,"[[['어찌'], ['나']]]",邑,4,7
내,3급,奈,"[[['어찌'], ['내']]]",大,5,8
내,3급,乃,"[[['이에'], ['내']]]",丿,1,2
뇌,3급,惱,"[[['번뇌할'], ['뇌']]]",心,9,12
답,3급,畓,"[[['논'], ['답']]]",田,4,9
도,3급,跳,"[[['뛸'], ['도']]]",足,6,13
도,3급,挑,"[[['돋울'], ['도']]]",手,6,9
도,3급,塗,"[[['칠할'], ['도']]]",土,10,13
도,3급,稻,"[[['벼'], ['도']]]",禾,10,15
독,3급,篤,"[[['도타울'], ['독']]]",竹,10,16
돈,3급,敦,"[[['도타울'], ['돈']]]",攴,8,12
돈,3급,豚,"[[['돼지'], ['돈']]]",豕,4,11
둔,3급,屯,"[[['진칠'], ['둔']]]",屮,1,4
둔,3급,鈍,"[[['둔할'], ['둔']]]",金,4,12
등,3급,騰,"[[['오를'], ['등']]]",馬,10,20
람,3급,濫,"[[['넘칠'], ['람']]]",水,14,17
략,3급,掠,"[[['노략질할'], ['략']]]",手,8,11
량,3급,諒,"[[['살펴알', '믿을'], ['량']]]",言,8,15
련,3급,憐,"[[['불쌍히여길'], ['련']]]",心,12,15
렬,3급,劣,"[[['못할'], ['렬']]]",力,4,6
렴,3급,廉,"[[['청렴할'], ['렴']]]",广,10,13
렵,3급,獵,"[[['사냥'], ['렵']]]",犬,15,18
령,3급,零,"[[['떨어질', '영[數字]'], ['령']]]",雨,5,13
례,3급,隷,"[[['종'], ['례']]]",隶,8,16
록,3급,鹿,"[[['사슴'], ['록']]]",鹿,0,11
료,3급,僚,"[[['동료'], ['료']]]",人,12,14
료,3급,了,"[[['마칠'], ['료']]]",亅,1,2
루,3급,淚,"[[['눈물'], ['루']]]",水,8,11
루,3급,屢,"[[['여러'], ['루']]]",尸,11,14
리,3급,梨,"[[['배'], ['리']]]",木,7,11
린,3급,隣,"[[['이웃'], ['린']]]",阜,12,15
만,3급,慢,"[[['거만할'], ['만']]]",心,11,14
만,3급,漫,"[[['흩어질'], ['만']]]",水,11,14
망,3급,忘,"[[['잊을'], ['망']]]",心,3,7
망,3급,茫,"[[['아득할'], ['망']]]",艸,6,10
망,3급,忙,"[[['바쁠'], ['망']]]",心,3,6
망,3급,罔,"[[['없을'], ['망']]]",网,3,8
매,3급,埋,"[[['묻을'], ['매']]]",土,7,10
명,3급,冥,"[[['어두울'], ['명']]]",冖,8,10
모,3급,某,"[[['아무'], ['모']]]",木,5,9
모,3급,暮,"[[['저물'], ['모']]]",日,11,15
모,3급,募,"[[['모을', '뽑을'], ['모']]]",力,11,13
모,3급,冒,"[[['무릅쓸'], ['모']]]",冂,7,9
모,3급,侮,"[[['업신여길'], ['모']]]",人,7,9
묘,3급,卯,"[[['토끼'], ['묘']]]",卩,3,5
묘,3급,廟,"[[['사당'], ['묘']]]",广,12,15
묘,3급,苗,"[[['모'], ['묘']]]",艸,5,9
무,3급,戊,"[[['천간'], ['무']]]",戈,1,5
무,3급,霧,"[[['안개'], ['무']]]",雨,11,19
미,3급,迷,"[[['미혹할'], ['미']]]",辵,6,10
미,3급,眉,"[[['눈썹'], ['미']]]",目,4,9
민,3급,敏,"[[['민첩할'], ['민']]]",攴,7,11
민,3급,憫,"[[['민망할'], ['민']]]",心,12,15
밀,3급,蜜,"[[['꿀'], ['밀']]]",虫,8,14
박,3급,泊,"[[['머무를', '배댈'], ['박']]]",水,5,8
반,3급,伴,"[[['짝'], ['반']]]",人,5,7
반,3급,叛,"[[['배반할'], ['반']]]",又,7,9
반,3급,返,"[[['돌이킬'], ['반']]]",辵,4,8
방,3급,倣,"[[['본뜰'], ['방']]]",人,8,10
방,3급,傍,"[[['곁'], ['방']]]",人,10,12
방,3급,邦,"[[['나라'], ['방']]]",邑,4,7
배,3급,杯,"[[['잔'], ['배']]]",木,4,8
번,3급,飜,"[[['번역할'], ['번']]]",飛,12,21
번,3급,煩,"[[['번거로울'], ['번']]]",火,9,13
변,3급,辨,"[[['분별할'], ['변']]]",辛,9,16
병,3급,竝,"[[['나란히'], ['병']]]",立,5,10
병,3급,屛,"[[['병풍'], ['병']]]",尸,8,11
복,3급,卜,"[[['점'], ['복']]]",卜,0,2
봉,3급,蜂,"[[['벌'], ['봉']]]",虫,7,13
부,3급,赴,"[[['다다를[趨而至]', '갈[趨]'], ['부']]]",走,2,9
분,3급,墳,"[[['무덤'], ['분']]]",土,12,15
붕,3급,崩,"[[['무너질'], ['붕']]]",山,8,11
붕,3급,朋,"[[['벗'], ['붕']]]",月,4,8
빈,3급,賓,"[[['손'], ['빈']]]",貝,7,14
빈,3급,頻,"[[['자주'], ['빈']]]",頁,7,16
빙,3급,聘,"[[['부를'], ['빙']]]",耳,7,13
사,3급,巳,"[[['뱀'], ['사']]]",己,0,3
사,3급,捨,"[[['버릴'], ['사']]]",手,8,11
사,3급,斯,"[[['이'], ['사']]]",斤,8,12
사,3급,詐,"[[['속일'], ['사']]]",言,5,12
사,3급,賜,"[[['줄'], ['사']]]",貝,8,15
사,3급,似,"[[['닮을'], ['사']]]",人,5,7
삭,3급,朔,"[[['초하루'], ['삭']]]",月,6,10
상,3급,祥,"[[['상서'], ['상']]]",示,6,11
상,3급,嘗,"[[['맛볼'], ['상']]]",口,11,14
서,3급,暑,"[[['더울'], ['서']]]",日,9,13
서,3급,敍,"[[['펼'], ['서']]]",攴,7,11
서,3급,逝,"[[['갈[往]'], ['서']]]",辵,7,11
서,3급,庶,"[[['여러'], ['서']]]",广,8,11
서,3급,誓,"[[['맹세할'], ['서']]]",言,7,14
석,3급,昔,"[[['예[古]'], ['석']]]",日,4,8
석,3급,析,"[[['쪼갤'], ['석']]]",木,4,8
섭,3급,攝,"[[['다스릴', '잡을'], ['섭']]]",手,18,21
섭,3급,涉,"[[['건널'], ['섭']]]",水,7,10
소,3급,召,"[[['부를'], ['소']]]",口,2,5
소,3급,昭,"[[['밝을'], ['소']]]",日,5,9
소,3급,蔬,"[[['나물'], ['소']]]",艸,12,16
소,3급,騷,"[[['떠들'], ['소']]]",馬,10,20
속,3급,粟,"[[['조'], ['속']]]",米,6,12
송,3급,誦,"[[['욀'], ['송']]]",言,7,14
수,3급,睡,"[[['졸음'], ['수']]]",目,8,13
수,3급,須,"[[['모름지기'], ['수']]]",頁,3,12
수,3급,雖,"[[['비록'], ['수']]]",隹,9,17
수,3급,誰,"[[['누구'], ['수']]]",言,8,15
수,3급,搜,"[[['찾을'], ['수']]]",手,9,12
수,3급,囚,"[[['가둘'], ['수']]]",囗,2,5
수,3급,遂,"[[['드디어'], ['수']]]",辵,9,13
숙,3급,孰,"[[['누구'], ['숙']]]",子,8,11
순,3급,循,"[[['돌[環]'], ['순']]]",彳,9,12
순,3급,殉,"[[['따라죽을'], ['순']]]",歹,6,10
순,3급,脣,"[[['입술'], ['순']]]",肉,7,11
술,3급,戌,"[[['개'], ['술']]]",戈,2,6
시,3급,矢,"[[['화살'], ['시']]]",矢,0,5
신,3급,辛,"[[['매울'], ['신']]]",辛,0,7
신,3급,伸,"[[['펼'], ['신']]]",人,5,7
신,3급,晨,"[[['새벽'], ['신']]]",日,7,11
심,3급,尋,"[[['찾을'], ['심']]]",寸,9,12
아,3급,餓,"[[['주릴'], ['아']]]",食,7,16
악,3급,岳,"[[['큰산'], ['악']]]",山,5,8
안,3급,雁,"[[['기러기'], ['안']]]",隹,4,12
알,3급,謁,"[[['뵐'], ['알']]]",言,9,16
압,3급,押,"[[['누를'], ['압']]]",手,5,8
앙,3급,殃,"[[['재앙'], ['앙']]]",歹,5,9
애,3급,涯,"[[['물가'], ['애']]]",水,8,11
액,3급,厄,"[[['액'], ['액']]]",厂,2,4
야,3급,也,"[[['이끼', '어조사'], ['야']]]",乙,2,3
야,3급,耶,"[[['어조사'], ['야']]]",耳,3,9
약,3급,躍,"[[['뛸'], ['약']]]",足,14,21
양,3급,楊,"[[['버들'], ['양']]]",木,9,13
어,3급,於,"[[['어조사'], ['어']], [['탄식할'], ['오']]]",方,4,8
언,3급,焉,"[[['어찌'], ['언']]]",火,7,11
여,3급,輿,"[[['수레'], ['여']]]",車,10,17
여,3급,汝,"[[['너'], ['여']]]",水,3,6
여,3급,余,"[[['나'], ['여']]]",人,5,7
여,3급,予,"[[['나'], ['여']]]",亅,3,4
열,3급,閱,"[[['볼[覽]'], ['열']]]",門,7,15
영,3급,詠,"[[['읊을'], ['영']]]",言,5,12
영,3급,泳,"[[['헤엄칠'], ['영']]]",水,5,8
예,3급,銳,"[[['날카로울'], ['예']]]",金,7,15
오,3급,嗚,"[[['슬플'], ['오']]]",口,10,13
오,3급,娛,"[[['즐길'], ['오']]]",女,7,10
오,3급,吾,"[[['나'], ['오']]]",口,4,7
오,3급,傲,"[[['거만할'], ['오']]]",人,11,13
오,3급,汚,"[[['더러울'], ['오']]]",水,3,6
옹,3급,擁,"[[['낄'], ['옹']]]",手,13,16
옹,3급,翁,"[[['늙은이'], ['옹']]]",羽,4,10
와,3급,臥,"[[['누울'], ['와']]]",臣,2,8
왈,3급,曰,"[[['가로'], ['왈']]]",曰,0,4
외,3급,畏,"[[['두려워할'], ['외']]]",田,4,9
요,3급,遙,"[[['멀'], ['요']]]",辵,10,14
요,3급,腰,"[[['허리'], ['요']]]",肉,9,13
요,3급,搖,"[[['흔들'], ['요']]]",手,10,13
용,3급,庸,"[[['떳떳할'], ['용']]]",广,8,11
우,3급,于,"[[['어조사'], ['우']]]",二,1,3
우,3급,尤,"[[['더욱'], ['우']]]",尢,1,4
우,3급,又,"[[['또'], ['우']]]",又,0,2
운,3급,云,"[[['이를'], ['운']]]",二,2,4
위,3급,違,"[[['어긋날'], ['위']]]",辵,9,13
위,3급,緯,"[[['씨'], ['위']]]",糸,9,15
유,3급,唯,"[[['오직'], ['유']]]",口,8,11
유,3급,酉,"[[['닭'], ['유']]]",酉,0,7
유,3급,愈,"[[['나을'], ['유']]]",心,9,13
유,3급,惟,"[[['생각할'], ['유']]]",心,8,11
윤,3급,閏,"[[['윤달'], ['윤']]]",門,4,12
음,3급,吟,"[[['읊을'], ['음']]]",口,4,7
읍,3급,泣,"[[['울'], ['읍']]]",水,5,8
응,3급,凝,"[[['엉길'], ['응']]]",冫,14,16
의,3급,矣,"[[['어조사'], ['의']]]",矢,2,7
의,3급,宜,"[[['마땅'], ['의']]]",宀,5,8
이,3급,而,"[[['말이을'], ['이']]]",而,0,6
이,3급,夷,"[[['오랑캐'], ['이']]]",大,3,6
인,3급,寅,"[[['범[虎]', '동방'], ['인']]]",宀,8,11
인,3급,姻,"[[['혼인'], ['인']]]",女,6,9
자,3급,恣,"[[['마음대로', '방자할'], ['자']]]",心,6,10
자,3급,玆,"[[['이'], ['자']]]",玄,5,10
작,3급,酌,"[[['술부을', '잔질할'], ['작']]]",酉,3,10
작,3급,爵,"[[['벼슬'], ['작']]]",爪,14,18
장,3급,墻,"[[['담'], ['장']]]",土,13,16
재,3급,哉,"[[['어조사'], ['재']]]",口,6,9
재,3급,宰,"[[['재상'], ['재']]]",宀,7,10
적,3급,滴,"[[['물방울'], ['적']]]",水,11,14
절,3급,竊,"[[['훔칠'], ['절']]]",穴,17,22
접,3급,蝶,"[[['나비'], ['접']]]",虫,9,15
정,3급,訂,"[[['바로잡을'], ['정']]]",言,2,9
제,3급,堤,"[[['둑'], ['제']]]",土,9,12
조,3급,燥,"[[['마를'], ['조']]]",火,13,17
조,3급,弔,"[[['조상할'], ['조']]]",弓,1,4
졸,3급,拙,"[[['졸할'], ['졸']]]",手,5,8
좌,3급,佐,"[[['도울'], ['좌']]]",人,5,7
주,3급,舟,"[[['배'], ['주']]]",舟,0,6
준,3급,遵,"[[['좇을'], ['준']]]",辵,12,16
준,3급,俊,"[[['준걸'], ['준']]]",人,7,9
증,3급,贈,"[[['줄[送]'], ['증']]]",貝,12,19
지,3급,只,"[[['다만'], ['지']]]",口,2,5
지,3급,遲,"[[['더딜', '늦을'], ['지']]]",辵,12,16
질,3급,姪,"[[['조카'], ['질']]]",女,6,9
징,3급,懲,"[[['징계할'], ['징']]]",心,15,19
차,3급,且,"[[['또'], ['차']]]",一,4,5
착,3급,捉,"[[['잡을'], ['착']]]",手,7,10
참,3급,慙,"[[['부끄러울'], ['참']]]",心,11,15
참,3급,慘,"[[['참혹할'], ['참']]]",心,11,14
창,3급,暢,"[[['화창할'], ['창']]]",日,10,14
척,3급,斥,"[[['물리칠'], ['척']]]",斤,1,5
천,3급,薦,"[[['천거할'], ['천']]]",艸,13,17
첨,3급,尖,"[[['뾰족할'], ['첨']]]",小,3,6
첨,3급,添,"[[['더할'], ['첨']]]",水,8,11
첩,3급,妾,"[[['첩'], ['첩']]]",女,5,8
청,3급,晴,"[[['갤'], ['청']]]",日,8,12
체,3급,遞,"[[['갈릴'], ['체']]]",辵,10,14
체,3급,逮,"[[['잡을'], ['체']]]",辵,8,12
체,3급,替,"[[['바꿀'], ['체']]]",曰,8,12
초,3급,抄,"[[['뽑을'], ['초']]]",手,4,7
초,3급,秒,"[[['분초'], ['초']]]",禾,4,9
촉,3급,燭,"[[['촛불'], ['촉']]]",火,13,17
총,3급,聰,"[[['귀밝을'], ['총']]]",耳,11,17
추,3급,醜,"[[['추할'], ['추']]]",酉,10,17
추,3급,抽,"[[['뽑을'], ['추']]]",手,5,8
축,3급,逐,"[[['쫓을'], ['축']]]",辵,7,11
축,3급,丑,"[[['소'], ['축']]]",一,3,4
취,3급,臭,"[[['냄새'], ['취']]]",自,4,10
침,3급,枕,"[[['베개'], ['침']]]",木,4,8
타,3급,妥,"[[['온당할'], ['타']]]",女,4,7
타,3급,墮,"[[['떨어질'], ['타']]]",土,12,15
탁,3급,托,"[[['맡길'], ['탁']]]",手,3,6
탁,3급,濁,"[[['흐릴'], ['탁']]]",水,13,16
탁,3급,濯,"[[['씻을'], ['탁']]]",水,14,17
탄,3급,誕,"[[['낳을', '거짓'], ['탄']]]",言,7,14
탐,3급,貪,"[[['탐낼'], ['탐']]]",貝,4,11
태,3급,怠,"[[['게으를'], ['태']]]",心,5,9
파,3급,播,"[[['뿌릴'], ['파']]]",手,12,15
파,3급,把,"[[['잡을'], ['파']]]",手,4,7
파,3급,罷,"[[['마칠'], ['파']]]",网,10,15
파,3급,頗,"[[['자못'], ['파']]]",頁,5,14
판,3급,販,"[[['팔[賣]'], ['판']]]",貝,4,11
패,3급,貝,"[[['조개'], ['패']]]",貝,0,7
편,3급,遍,"[[['두루'], ['편']]]",辵,9,13
폐,3급,幣,"[[['화폐'], ['폐']]]",巾,12,15
폐,3급,蔽,"[[['덮을'], ['폐']]]",艸,12,16
포,3급,抱,"[[['안을'], ['포']]]",手,5,8
포,3급,飽,"[[['배부를'], ['포']]]",食,5,14
폭,3급,幅,"[[['폭'], ['폭']]]",巾,9,12
표,3급,漂,"[[['떠다닐'], ['표']]]",水,11,14
필,3급,匹,"[[['짝'], ['필']]]",匸,2,4
한,3급,旱,"[[['가물'], ['한']]]",日,3,7
함,3급,咸,"[[['다'], ['함']]]",口,6,9
항,3급,巷,"[[['거리'], ['항']]]",己,6,9
해,3급,亥,"[[['돼지'], ['해']]]",亠,4,6
해,3급,奚,"[[['어찌'], ['해']]]",大,7,10
해,3급,該,"[[['갖출[備]', '마땅[當]'], ['해']]]",言,6,13
향,3급,享,"[[['누릴'], ['향']]]",亠,6,8
헌,3급,軒,"[[['집'], ['헌']]]",車,3,10
현,3급,絃,"[[['줄'], ['현']]]",糸,5,11
현,3급,縣,"[[['고을'], ['현']]]",糸,10,16
혐,3급,嫌,"[[['싫어할'], ['혐']]]",女,10,13
형,3급,亨,"[[['형통할'], ['형']]]",亠,5,7
형,3급,螢,"[[['반딧불'], ['형']]]",虫,10,16
혜,3급,兮,"[[['어조사'], ['혜']]]",八,2,4
호,3급,乎,"[[['어조사'], ['호']]]",丿,4,5
호,3급,互,"[[['서로'], ['호']]]",二,2,4
호,3급,毫,"[[['터럭'], ['호']]]",毛,7,11
혼,3급,昏,"[[['어두울'], ['혼']]]",日,4,8
홍,3급,鴻,"[[['기러기'], ['홍']]]",鳥,6,17
홍,3급,弘,"[[['클'], ['홍']]]",弓,2,5
화,3급,禾,"[[['벼'], ['화']]]",禾,0,5
확,3급,穫,"[[['거둘'], ['확']]]",禾,14,19
확,3급,擴,"[[['넓힐'], ['확']]]",手,15,18
환,3급,丸,"[[['둥글'], ['환']]]",丶,2,3
효,3급,曉,"[[['새벽'], ['효']]]",日,12,16
후,3급,侯,"[[['제후'], ['후']]]",人,7,9
훼,3급,毁,"[[['헐'], ['훼']]]",殳,9,13
휘,3급,輝,"[[['빛날'], ['휘']]]",車,8,15
휴,3급,携,"[[['이끌'], ['휴']]]",手,10,13